<?xml version="1.0" encoding="UTF-8"?>
<project-private xmlns="http://www.netbeans.org/ns/project-private/1">
    <editor-bookmarks xmlns="http://www.netbeans.org/ns/editor-bookmarks/2" lastBookmarkId="0"/>
    <open-files xmlns="http://www.netbeans.org/ns/projectui-open-files/2">
        <group>
            <file>file:/E:/MateriKuliah/Pemrograman%20Berorientasi%20Objek/TugasPBO_3/src/JawabanSoal_5/MainMenu.java</file>
            <file>file:/E:/MateriKuliah/Pemrograman%20Berorientasi%20Objek/TugasPBO_3/src/JawabanSoal_5/operation.java</file>
            <file>file:/E:/MateriKuliah/Pemrograman%20Berorientasi%20Objek/TugasPBO_3/src/JawabanSoal_5/utility.java</file>
        </group>
    </open-files>
</project-private>
