<?xml version="1.0" encoding="UTF-8"?>
<project-private xmlns="http://www.netbeans.org/ns/project-private/1">
    <editor-bookmarks xmlns="http://www.netbeans.org/ns/editor-bookmarks/2" lastBookmarkId="0"/>
    <open-files xmlns="http://www.netbeans.org/ns/projectui-open-files/2">
        <group>
            <file>file:/E:/MateriKuliah/SKS%20Semester%20II/Pemrograman_Berorientasi_Objek/TugasPBO/TugasPBO_4/src/MainClass.java</file>
            <file>file:/E:/MateriKuliah/SKS%20Semester%20II/Pemrograman_Berorientasi_Objek/TugasPBO/TugasPBO_4/src/Operation_HapusData.java</file>
            <file>file:/E:/MateriKuliah/SKS%20Semester%20II/Pemrograman_Berorientasi_Objek/TugasPBO/TugasPBO_4/src/Operation_UbahData.java</file>
            <file>file:/E:/MateriKuliah/SKS%20Semester%20II/Pemrograman_Berorientasi_Objek/TugasPBO/TugasPBO_4/src/Operation_CariData.java</file>
            <file>file:/E:/MateriKuliah/SKS%20Semester%20II/Pemrograman_Berorientasi_Objek/TugasPBO/TugasPBO_4/src/Operation_TambahData.java</file>
            <file>file:/E:/MateriKuliah/SKS%20Semester%20II/Pemrograman_Berorientasi_Objek/TugasPBO/TugasPBO_4/src/UtilityClass.java</file>
            <file>file:/E:/MateriKuliah/SKS%20Semester%20II/Pemrograman_Berorientasi_Objek/TugasPBO/TugasPBO_4/src/Operation_TampilkanData.java</file>
        </group>
    </open-files>
</project-private>
