<?xml version="1.0" encoding="UTF-8"?>
<project-private xmlns="http://www.netbeans.org/ns/project-private/1">
    <editor-bookmarks xmlns="http://www.netbeans.org/ns/editor-bookmarks/2" lastBookmarkId="0"/>
    <open-files xmlns="http://www.netbeans.org/ns/projectui-open-files/2">
        <group>
            <file>file:/E:/MateriKuliah/SKS%20Semester%20II/Pemrograman_Berorientasi_Objek/TugasPBO/TugasPBO_6/src/Latihan/TicTacToeGUI.java</file>
            <file>file:/E:/MateriKuliah/SKS%20Semester%20II/Pemrograman_Berorientasi_Objek/TugasPBO/TugasPBO_6/src/Latihan/Game_launcher.java</file>
        </group>
    </open-files>
</project-private>
